GO:0007049_cell_cycle,GO:0030198_extracellular_matrix_organization,GO.0034340_response_to_type_I_interferon,GO:0045655_regulation_of_monocyte_differentiation
GOLGA8B,ADAMTS3,MYD88,URS0000209905_9606
RHNO1,ADAMTS3,IFNE,HOXA7
KIF3B,ADAMTS3,SETD2,HLA-DRB1
KIF3B,ADAMTS3,IFIT1,IRF7
KIF3B,FBLN1,IRF7,IL34
GOLGA8O,KIF9,IRAK1,IL34
HCFC1,NOX1,IFNA2,CD74
MLF1,COL8A1,IFNA10,APCS
PPP6C,HSD17B12,IFNA21,CSF1
UTP14C,GSN,IFNA5,FES
SKA2,LAMC1,IFNA17,DCSTAMP
SKA2,TGFBI,IFNB1,CTNNBIP1
SKA2,TNXB,IFNB1,CD4
SKA2,TNXB,IKBKE,ZBTB46
KIF4B,TNXB,IKBKE,ACIN1
KIF4B,POMT1,AZI2,FOXP1
KIF4B,SOX9,H0Y3Z8,ZFP36L1
KIF4B,ELF3,H0Y3Z8,CDK6
TUBA1A,IMPG2,TRIM56,MYC
TUBA1A,MMP9,SHFL,INPP5D
SPIN1,MMP9,OAS2,GPR68
E2F3,COL4A2,TREX1,
TDRD12,COL4A2,TRAF3,
SPDYC,TMPRSS6,IFIT1B,
BTN2A2,TGFBR1,IFITM2,
SPIN2A,COLGALT2,IFITM3,
TRAPPC12,EXOC8,MX1,
TERB2,SULF1,STAT2,
TERB2,SULF1,STAT2,
TERB2,SULF2,STAT2,
TERB2,SULF2,STAT2,
TERB2,HAS3,IFNAR1,
CIB1,HAS3,IFNAR1,
TSG101,PXDN,IFNAR1,
PCNP,PXDN,IFNAR1,
STAG1,PXDN,IFNAR1,
STAG1,PXDN,SMPD1,
STAG1,PXDN,CH25H,
STMN1,PXDN,H7C3V1,
STMN1,PXDN,H7C3V1,
PPP1R1C,PXDN,TBK1,
HAUS7,PXDN,TBK1,
HAUS7,CRISPLD2,TBKBP1,
HAUS7,MMP16,IRF3,
HAUS7,MMP15,STAT1,
HAUS7,MMP15,STAT1,
MAPRE2,LOXL3,STAT1,
TERF2,COL10A1,,
STAG3L3,POSTN,TYK2,
STAG3L2,CCN1,TYK2,
STAG3L1,EGFLAM,TYK2,
CHTF18,TLL2,IFITM1,
TACC3,MYF5,IFNA8,
TACC3,PTX3,ISG15,
TACC3,ADAMTSL2,JAK1,
ROPN1B,FURIN,JAK1,
CCSAP,FURIN,JAK1,
ESCO2,WNT3A,IFNA16,
MPLKIP,KAZALD1,IFNA4,
PRKDC,RXFP1,IFNA6,
CUZD1,COL6A5,IFNW1,
PTPRC,SCX,IFNK,
SHCBP1L,QSOX1,IFI27,
BRDT,TNFRSF11B,IFNA14,
BRDT,APLP1,IFNA7,
BRDT,PDGFRA,IFNA1,
RHOA,ADAMTS19,MAVS,
RHOA,ADAMTS15,TANK,
RHOA,ADAMTS15,SHMT2,
EXOC6,ADAMTS16,SHMT2,
GADD45GIP1,ADAMTS17,IFNAR2,
TLK2,SERPINB5,IFNAR2,
TLK2,ADAMTSL4,IFNAR2,
TLK2,LUM,IFNAR2,
SAPCD2,NPNT,IFNAR2,
RINT1,VIT,IFNAR2,
ERCC6L,ADAMTS12,IFNAR2,
NUF2,ADAMTS12,IFNAR2,
NUF2,CAV2,SP100,
NUF2,COL23A1,SP100,
NUF2,MMP2,SP100,
NUF2,MMP2,SP100,
NUF2,MMP2,Stat2,
NUF2,MMP2,Stat2,
CCNF,MMP3,Sting1,
CCNF,MMP3,Sting1,
CDK2,MMP3,Tbk1,
CDK2,MFAP4,Trex1,
CDK2,MFAP4,Trex1,
CDK2,TGFB2,Trex1,
CDK2,ECM2,Trim6,
CDK2,VWA1,Trim6,
REEP3,LTBP3,Trim41,
LIG1,ADAMTS8,Trim56,
SYCE3,THSD4,Trim56,
SYCE3,MMP26,Trim56,
SYCE3,ST7,Ttll12,
SYCE3,ADAMTSL5,Tyk2,
RBL2,SLC39A8,Ube2k,
PBRM1,COL4A5,Usp27x,
TP53BP2,GPM6B,Usp29,
CUL4B,ADAM15,Wnt5a,
LLGL1,CAV1,Ythdf2,
ZMYND11,CTSV,Ythdf3,
ACVR1B,CTSV,Zbp1,
CEP152,MATN3,Zbp1,
CEP152,MATN3,,
CEP152,PRDX4,,
CEP152,OLFML2B,,
EXOC5,OLFML2A,,
PPP1CC,WT1,,
PLK4,COL24A1,,
PLK4,MMP10,,
PLK4,MMP10,,
PLK4,MMP10,,
PLK4,MMP7,,
PLK4,MMP7,,
HACE1,MMP7,,
USP33,PLOD3,,
EML1,PLOD3,,
HAUS5,GREM1,,
HAUS5,COL4A1,,
HAUS5,COL4A1,,
HAUS5,COL4A1,,
HAUS5,COL4A1,,
CDK14,COL3A1,,
CDK14,COL3A1,,
BOD1L2,COL3A1,,
PARD3B,COL3A1,,
PARD3,COL3A1,,
WASL,COL3A1,,
SUN1,COL2A1,,
SUN1,COL2A1,,
DYNLT1,COL2A1,,
NUP88,COL1A1,,
UBE2B,COL1A1,,
UBE2B,COL1A1,,
SEPTIN12,COL1A1,,
HOXA13,COL1A1,,
RHOC,COL1A1,,
GPER1,COL1A1,,
GPSM1,FERMT1,,
USP3,IMPG1,,
EXOC8,NPHS1,,
CORT,FBLN2,,
RAD54L,ADAMTS13,,
RAD54L,CCDC80,,
URGCP,MMP11,,
BRSK2,MMP11,,
BRCA2,MMP11,,
BRCA2,MMP11,,
BRCA2,COL4A3,,
CCAR1,COL4A3,,
TRIM39,DMP1,,
H2AX,LOXL1,,
AGO4,CMA1,,
AGO4,CMA1,,
SGO1,MMP14,,
SGO1,MMP14,,
SGO1,MMP14,,
SGO1,VTN,,
SGO1,ADAM8,,
SGO1,NID1,,
SGO1,NID1,,
SGO1,SH3PXD2B,,
SGO1,PLG,,
DNA2,PRSS1,,
DNA2,HMCN1,,
HORMAD1,NR2E1,,
HORMAD1,CREB3L1,,
HORMAD1,ITGB1,,
HORMAD1,EMILIN1,,
HORMAD1,MMP24,,
HORMAD1,KLK4,,
HORMAD1,COL18A1,,
DUSP13,COL15A1,,
PAX6,ADAMTS20,,
USP44,EXT1,,
USP44,EXT1,,
TFDP3,EXT1,,
CDK5R1,RECK,,
TEX14,EFEMP2,,
TEX14,EFEMP2,,
TEX14,EFEMP2,,
TEX14,COL5A2,,
TEX14,COL5A2,,
TEX14,COL5A2,,
TEX14,VPS33B,,
TEX14,COLQ,,
KIF14,OPTC,,
RRS1,OPTC,,
MAP3K8,COL17A1,,
DDX11L8,COL19A1,,
TXNL4A,COL19A1,,
CHMP7,GFOD2,,
CHMP7,ATP7A,,
CHMP7,ATP7A,,
CHMP7,ATP7A,,
CHMP7,FLRT2,,
HELLS,PBXIP1,,
CCNG1,PBXIP1,,
CCNG1,KLK5,,
NEK4,MATN4,,
NEK3,ADAMTS2,,
NEK2,ADAMTS2,,
NEK2,COL5A1,,
NEK2,COL5A1,,
NEK2,COL5A1,,
NEK2,COL5A1,,
NEK2,COL5A1,,
NEK2,COL5A1,,
NEK2,NTNG2,,
NEK2,COL5A3,,
SNX33,COL5A3,,
SNX33,NTNG1,,
SNX33,PAPLN,,
MNAT1,IHH,,
CCNH,ERO1A,,
RBBP8,SFRP2,,
RBBP8,ADAMTSL3,,
RBBP8,FBLN5,,
PDCD6IP,FBLN5,,
PDCD6IP,FBLN5,,
PDCD6IP,NOXO1,,
PDCD6IP,DNAJB6,,
PDCD6IP,ADAMTS4,,
STIL,ADAMTS4,,
STIL,ADAMTS1,,
STIL,MARCOL,,
STIL,SPINT2,,
STIL,COMP,,
CEP55,CCN2,,
CEP55,SERAC1,,
CEP55,FLOT1,,
CEP55,MMP25,,
SYCP1,ENG,,
SYCP1,MMP23B,,
SYCP1,ATXN1L,,
SYCP1,TLL1,,
SYCP1,TLL1,,
SYCP1,TLL1,,
SYCP1,CRTAP,,
RPS6KA1,MMP28,,
PPP5C,MPV17,,
DDX3X,ANXA2,,
CUL4A,KLK7,,
CUL3,LOXL4,,
CUL3,GAS2,,
CUL3,TNXA,,
CUL2,TNXA,,
CUL1,BCL3,,
SETD2,ADAMTS9,,
STK33,ADAMTS9,,
RAE1,LAMB1,,
CDKN1B,MMP8,,
CDKN1B,MMP8,,
CDKN1B,FMOD,,
CDKN1B,NID2,,
PARD6B,PRICKLE1,,
CCNE1,EGFL6,,
CCNE1,ADAMTS10,,
CCNE1,PRSS2,,
CCNE1,CYP1B1,,
CCNE1,MIA,,
CCNE1,COL11A1,,
WNT4,COL11A1,,
STEAP3,COL11A1,,
CCNA1,ADAMTS6,,
CCNA1,ADAMTS7,,
TUBB4A,ADAMTS7,,
PKD2,ADAMTS5,,
DCTN2,ADAMTS5,,
DCTN2,ADAMTS5,,
DCTN2,MMP20,,
DCTN2,MMP20,,
NCAPD2,SPINK5,,
NCAPD2,RIC8A,,
NCAPD2,DDR2,,
NCAPD2,TMEM38B,,
NCAPD2,MMP13,,
SEPTIN2,MMP13,,
ABRAXAS2,MMP13,,
ABRAXAS2,MMP13,,
ABRAXAS2,MMP13,,
ABRAXAS2,COL11A2,,
ABRAXAS2,COL11A2,,
ABRAXAS2,COL11A2,,
WTAP,COL9A2,,
PCLAF,COL9A3,,
NCAPH,COL4A6,,
NCAPH,COL8A2,,
NCAPH,COL8A2,,
NCAPH,TNF,,
NCAPH,COL27A1,,
NCAPH,WASHC1,,
UBB,COLGALT1,,
UBB,MMP27,,
ZC3HC1,ELN,,
GOLGA6D,CTSS,,
WNT5A,CTSS,,
RGS2,SMOC2,,
CSNK2A1,MMP17,,
CETN2,NDNF,,
CETN2,NDNF,,
CETN2,SERPINH1,,
CETN2,GFAP,,
KIF2A,CAPG,,
KIF2A,HAPLN2,,
SEPTIN8,BMP1,,
EML4,BMP1,,
EML4,BMP1,,
EML4,OTOL1,,
STRADA,SMPD3,,
MISP,GAS6,,
MISP,SMOC1,,
MISP,MMP1,,
TUBB2A,MMP1,,
GOLGA2P5,MMP1,,
KLLN,APP,,
TP53,ADAMTSL1,,
TP53,LAMB2,,
TOPBP1,LAMB2,,
TOPBP1,FOXC1,,
PIWIL2,B4GALT1,,
M1AP,MYH11,,
M1AP,DAG1,,
M1AP,MATN2,,
RTTN,LCP1,,
RTTN,VIPAS39,,
POC1B,NFKB2,,
STAG3L4,COL28A1,,
TTN,CTSG,,
TEX11,CTSG,,
TEX11,ADAMTS18,,
TEX11,SERPINF2,,
TEX11,SPINT1,,
TEX11,ABI3BP,,
TEX11,DPT,,
TEX11,RAMP2,,
FANCM,MYO1E,,
GSPT2,FOXF2,,
RAB35,FOXF1,,
CCNE2,COL6A6,,
CCNE2,LAMB3,,
CCNE2,ELANE,,
CHEK2,NPHP3,,
CHEK2,TGFB1,,
CHEK2,LOX,,
CHEK2,LOX,,
CHEK2,LOX,,
PAK4,HAS2,,
DIS3L2,HAS2,,
DIS3L2,MMP19,,
IHO1,MMP19,,
IHO1,HAS1,,
IHO1,HAS1,,
IHO1,CTSK,,
MAPRE3,CTSK,,
DCTN6,LOXL2,,
KLHL18,LOXL2,,
SLX4,ERCC2,,
SLX4,MPZL3,,
GNAI2,NTN4,,
RB1CC1,MATN1,,
DMRTC2,MATN1,,
NEK7,COL1A2,,
GNAI1,COL1A2,,
STK10,COL1A2,,
STAT5B,COL1A2,,
KIF18B,COL1A2,,
KIF18B,SPOCK2,,
SASS6,COL16A1,,
SASS6,NF1,,
SASS6,NF1,,
SASS6,COL4A4,,
SASS6,COL4A4,,
SMC5,COL4A4,,
SMC5,COL4A4,,
CENPX,C6orf15,,
CENPX,COL9A1,,
PRCC,ADAMTS14,,
SYCP3,ADAMTS14,,
SYCP3,ITGA8,,
KAT5,IBSP,,
FAM9A,IBSP,,
FAM9B,FKBP10,,
CDK11B,FKBP10,,
FAM9C,LAMB4,,
ASPM,MMP21,,
ASPM,TNR,,
ASPM,COL14A1,,
ARHGEF2,COL14A1,,
UBE2I,P3H4,,
UBE2I,P3H4,,
RPL24,HPN,,
CGRRF1,MMP12,,
STK11,MMP12,,
STK11,COL12A1,,
RHOU,P4HA1,,
RACK1,ADAM10,,
PKMYT1,FOXC2,,
PKMYT1,COL22A1,,
PKMYT1,HPSE2,,
CDK20,TPSAB1,,
UPF1,COL13A1,,
UPF1,COL13A1,,
MEIOC,WDR72,,
MEIOC,,,
MEIOC,,,
MEIOC,,,
MEIOC,,,
MEIOC,,,
RPS6KA3,,,
CDKN1A,,,
CDKN1A,,,
CDKN1A,,,
CDKN1A,,,
CDKN1A,,,
STK35,,,
MRPL41,,,
CACUL1,,,
CACUL1,,,
SIRT2,,,
SIRT2,,,
MAPK4,,,
MECP2,,,
NCAPG2,,,
PCM1,,,
PCM1,,,
PLEC,,,
SEPTIN6,,,
SEPTIN6,,,
RFWD3,,,
GIGYF2,,,
INIP,,,
SMC2,,,
SMC2,,,
SMC2,,,
SMC2,,,
ZFP42,,,
AZI2,,,
YTHDC2,,,
YTHDC2,,,
FEN1,,,
EML3,,,
EML3,,,
RASSF1,,,
NSMCE2,,,
GOLGA8S,,,
BCAT1,,,
LATS2,,,
LATS2,,,
REEP4,,,
MRE11,,,
MRE11,,,
MRE11,,,
MRE11,,,
MRE11,,,
MRE11,,,
MRE11,,,
MRE11,,,
TUBG2,,,
TUBG2,,,
TUBG2,,,
TUBG2,,,
TMPRSS11A,,,
HAUS4,,,
HAUS4,,,
HAUS4,,,
HAUS4,,,
HAUS4,,,
KIF15,,,
LIG4,,,
CCNI2,,,
SIRT7,,,
SIRT7,,,
STRADB,,,
TUBA3D,,,
TUBA3C,,,
FOXM1,,,
TAF2,,,
SLC39A5,,,
CIAO2A,,,
CEP44,,,
CEP44,,,
CEP44,,,
CEP295,,,
FGF10,,,
TOP3A,,,
TOP3A,,,
ROCK1,,,
PDS5A,,,
PDS5A,,,
TAOK2,,,
UNC119,,,
UNC119,,,
IKZF1,,,
KIZ,,,
KIZ,,,
NOP53,,,
BAG6,,,
MND1,,,
MND1,,,
MND1,,,
PTTG2,,,
PTTG3P,,,
PSME3,,,
CENPC,,,
CENPC,,,
CENPC,,,
CENPC,,,
SEPTIN10,,,
RPL26,,,
CNTLN,,,
CNTLN,,,
SPECC1L,,,
ATRX,,,
ATRX,,,
CENPE,,,
CENPE,,,
CENPE,,,
CENPE,,,
CENPE,,,
CENPE,,,
CENPE,,,
CENPE,,,
CENPE,,,
CENPE,,,
CENPE,,,
CENPE,,,
CENPE,,,
NIPBL,,,
NIPBL,,,
NIPBL,,,
NIPBL,,,
NIPBL,,,
NBN,,,
NBN,,,
NBN,,,
NBN,,,
HUS1,,,
HUS1,,,
HUS1,,,
HGF,,,
TUBGCP5,,,
TUBGCP5,,,
TUBGCP5,,,
CKS1B,,,
PPM1D,,,
TUBB6,,,
SYCP2L,,,
GOLGA8Q,,,
SYCE1L,,,
CEP68,,,
CEP68,,,
SLC26A8,,,
MAPK13,,,
UIMC1,,,
UIMC1,,,
UIMC1,,,
UIMC1,,,
UIMC1,,,
UIMC1,,,
ZBTB49,,,
BBS4,,,
BBS4,,,
CSNK2A2,,,
MAPK7,,,
RPA4,,,
RPA4,,,
SNX18,,,
SNX18,,,
SNX18,,,
EXOC1,,,
ARHGEF10,,,
ARHGEF10,,,
ARHGEF10,,,
TUBA3E,,,
NOX5,,,
TXLNG,,,
RAD9B,,,
GINS3,,,
PPP3CA,,,
GPSM2,,,
GPSM2,,,
GPSM2,,,
GPSM2,,,
RAD1,,,
RMI1,,,
LMNA,,,
LZTS2,,,
LZTS2,,,
SPOUT1,,,
ACTR8,,,
ECT2,,,
ECT2,,,
CCNP,,,
FOXO4,,,
ZWILCH,,,
ZWILCH,,,
EXOC6B,,,
FBXO31,,,
CHMP2B,,,
CHMP2B,,,
CHMP2B,,,
CHMP2B,,,
CAMK2A,,,
CEP135,,,
CEP135,,,
CEP135,,,
TUBGCP6,,,
TUBGCP6,,,
TUBGCP6,,,
HEPACAM,,,
CCNT2,,,
BUB1B,,,
BUB1B,,,
BUB1B,,,
BUB1B,,,
BUB1B,,,
CCNT1,,,
SMC3,,,
SMC3,,,
SMC3,,,
SMC3,,,
SMC3,,,
SMC3,,,
SMC3,,,
SMC3,,,
CREBL2,,,
UBXN2B,,,
AURKC,,,
AURKC,,,
AURKC,,,
AURKC,,,
NRDE2,,,
NAA60,,,
KIF20A,,,
KIF20A,,,
AUNIP,,,
AUNIP,,,
HINFP,,,
HINFP,,,
TNKS,,,
TNKS,,,
GOLGA8T,,,
TREX1,,,
ERCC1,,,
NDEL1,,,
NDEL1,,,
NDEL1,,,
NDEL1,,,
IK,,,
IK,,,
CHAF1B,,,
CHAF1A,,,
TBCD,,,
E4F1,,,
ZBTB17,,,
FSD1,,,
MAP1S,,,
MAP1S,,,
BORA,,,
PSRC1,,,
PSRC1,,,
BRD4,,,
MKI67,,,
CLTA,,,
BEX4,,,
CETN3,,,
SPAG5,,,
SPAG5,,,
SPAG5,,,
SPAG5,,,
CCND1,,,
CCND1,,,
CCND1,,,
CCND1,,,
CCND1,,,
CCND1,,,
CCND1,,,
CCND1,,,
CCND1,,,
MTA3,,,
HAUS2,,,
HAUS2,,,
HAUS2,,,
HAUS2,,,
HAUS2,,,
THAP1,,,
WAC,,,
PLK5,,,
PLK5,,,
MSH4,,,
MSH4,,,
PRNP,,,
NR3C1,,,
NR3C1,,,
ITGB3BP,,,
FIGNL1,,,
MIS18A,,,
MIS18A,,,
DONSON,,,
DONSON,,,
ATM,,,
ATM,,,
ATM,,,
ATM,,,
ATM,,,
ATM,,,
ATM,,,
TIPIN,,,
TIPIN,,,
SKP2,,,
SKP2,,,
TMOD3,,,
CINP,,,
CEP72,,,
CEP72,,,
CEP72,,,
CEP72,,,
RIOK2,,,
ANAPC11,,,
KIFC1,,,
KIFC1,,,
KIFC1,,,
KIFC1,,,
SEPTIN14,,,
UHRF1,,,
MMS19,,,
GOLGA6A,,,
ACTR2,,,
ACTR2,,,
ACTR2,,,
SETDB2,,,
SETDB2,,,
ACTR3,,,
ACTR3,,,
ACTR3,,,
KLF11,,,
SYCE2,,,
HAUS3,,,
HAUS3,,,
HAUS3,,,
ODF2,,,
ODF2,,,
ODF2,,,
SRC,,,
CDC16,,,
GOLGA6B,,,
ATAD5,,,
GOLGA2,,,
GOLGA2,,,
GOLGA2,,,
GOLGA2,,,
GOLGA2,,,
GOLGA2,,,
INTS13,,,
RTKN,,,
RTKN,,,
ARL8B,,,
ARL8B,,,
FANCI,,,
TRIM36,,,
TRIM36,,,
TRIM36,,,
RIF1,,,
GOLGA8M,,,
CDC14B,,,
SEPTIN11,,,
MARVELD1,,,
UHRF2,,,
TUBGCP2,,,
TUBGCP2,,,
TUBGCP2,,,
CDK15,,,
HAUS3,,,
HAUS3,,,
AVPI1,,,
CCDC102B,,,
BIRC5,,,
BIRC5,,,
BIRC5,,,
BIRC5,,,
PPP2R2D,,,
PPP2R2D,,,
HDAC3,,,
CDK5RAP2,,,
CDK5RAP2,,,
CDK5RAP2,,,
CDK5RAP2,,,
CDK5RAP2,,,
CDK5RAP2,,,
CDK5RAP2,,,
AURKA,,,
AURKA,,,
AURKA,,,
AURKA,,,
AURKA,,,
AURKA,,,
FANCA,,,
PPP1R12A,,,
PPP1R12A,,,
ALKBH4,,,
TP73,,,
TUBB2B,,,
KATNB1,,,
SLC2A8,,,
RAD51B,,,
GADD45A,,,
RNF212B,,,
RNF212B,,,
BABAM2,,,
BABAM2,,,
NDE1,,,
NDE1,,,
NDE1,,,
NDE1,,,
NDE1,,,
MAD2L1,,,
MAD2L1,,,
MAD2L1,,,
MAD2L1,,,
MAD2L1,,,
XPC,,,
NTMT1,,,
NTMT1,,,
SRPK1,,,
USP37,,,
USP37,,,
MRNIP,,,
MRNIP,,,
BEX2,,,
PIN1,,,
FANCD2,,,
FANCD2,,,
FANCD2,,,
TUBB3,,,
SDCCAG8,,,
MOV10L1,,,
TEX15,,,
TEX15,,,
NUSAP1,,,
NUSAP1,,,
NUSAP1,,,
NUSAP1,,,
NUSAP1,,,
NUSAP1,,,
NUSAP1,,,
CHMP4A,,,
CHMP4A,,,
CHMP4A,,,
CHMP4A,,,
RTF2,,,
POLA1,,,
TRNP1,,,
NEK8,,,
MEI4,,,
MEI4,,,
MEI4,,,
MEI4,,,
HEPACAM2,,,
HEPACAM2,,,
CECR2,,,
UBE2L3,,,
OVOL1,,,
OVOL1,,,
ROCK2,,,
ROCK2,,,
KLK10,,,
NPR2,,,
KIF22,,,
KIF22,,,
KIF22,,,
KIF22,,,
KIF22,,,
ARL8A,,,
ARL8A,,,
MNS1,,,
PINX1,,,
CROCC,,,
CROCC,,,
CROCC,,,
HMCN1,,,
MAD2L2,,,
PIK3C3,,,
SKA1,,,
SKA1,,,
SKA1,,,
SKA1,,,
KNSTRN,,,
KNSTRN,,,
KNSTRN,,,
KNSTRN,,,
KNSTRN,,,
MIS12,,,
MIS12,,,
MIS12,,,
MIS12,,,
FAM32A,,,
RABGAP1,,,
MYBL2,,,
MYBL2,,,
MYB,,,
SMC1B,,,
SMC1B,,,
MSH5,,,
ITGB1,,,
ITGB1,,,
ZPR1,,,
ZPR1,,,
RMDN1,,,
RMDN1,,,
RAD54B,,,
WEE2,,,
WEE2,,,
ANAPC16,,,
PABIR1,,,
PABIR1,,,
SNX9,,,
SNX9,,,
SNX9,,,
SEPTIN7,,,
DMRT1,,,
E2F4,,,
RPL23,,,
RAN,,,
RAN,,,
RAN,,,
EID1,,,
MAD1L1,,,
MAD1L1,,,
MAD1L1,,,
MAD1L1,,,
MAD1L1,,,
CD2AP,,,
SPO11,,,
SPO11,,,
SPO11,,,
SPO11,,,
SPO11,,,
SPO11,,,
SPO11,,,
MTBP,,,
DYNC1LI1,,,
CUL7,,,
TADA3,,,
ZNF207,,,
ZNF207,,,
ZNF207,,,
ZNF207,,,
ZNF207,,,
ZNF207,,,
ZNF207,,,
ZNF207,,,
ZNF207,,,
ZNF207,,,
LCMT1,,,
PRC1,,,
PRC1,,,
CHMP2A,,,
CHMP2A,,,
CHMP2A,,,
CHMP2A,,,
CHMP2A,,,
BRINP3,,,
PTPN11,,,
SPRY1,,,
PIMREG,,,
RASA1,,,
KIF3A,,,
UVRAG,,,
UVRAG,,,
UVRAG,,,
CDCA5,,,
CDCA5,,,
CDCA5,,,
CDCA5,,,
CDCA5,,,
CDCA5,,,
CDCA5,,,
CDCA5,,,
MCPH1,,,
MCPH1,,,
DDX11,,,
DDX11,,,
CASP2,,,
PTTG1,,,
CENPT,,,
CENPT,,,
CENPT,,,
CENPT,,,
TOP3B,,,
CDC26,,,
HUS1B,,,
HUS1B,,,
HUS1B,,,
GMNN,,,
TOGARAM1,,,
DNMT3L,,,
CDC23,,,
CDC23,,,
CDC23,,,
ANAPC5,,,
ANAPC4,,,
DBF4,,,
HJURP,,,
HJURP,,,
HJURP,,,
NUDC,,,
NUDC,,,
LZTS1,,,
OSGIN2,,,
SPAST,,,
SPAST,,,
SPAST,,,
SPAST,,,
SPAST,,,
SPAST,,,
DMTF1,,,
TENT4A,,,
TENT4A,,,
TACC2,,,
ERH,,,
ARF1,,,
SPC24,,,
SPC24,,,
SPC24,,,
SPC24,,,
MCM6,,,
DMC1,,,
DMC1,,,
DMC1,,,
DMC1,,,
DMC1,,,
DMC1,,,
CALM3,,,
CALM3,,,
CALM3,,,
ZNF318,,,
KIF18A,,,
KIF18A,,,
KIF18A,,,
NEDD1,,,
ZNF324,,,
E2F6,,,
SYF2,,,
CTCFL,,,
SPATA22,,,
SPATA22,,,
SEPTIN9,,,
CHORDC1,,,
MLH3,,,
MLH3,,,
MLH3,,,
MLH3,,,
RGS14,,,
RGS14,,,
RGS14,,,
RGS14,,,
TACC1,,,
EXD1,,,
PRPF40A,,,
GJA1,,,
RIDA,,,
KIF11,,,
KIF11,,,
KIF11,,,
KIF11,,,
KIF11,,,
KIF11,,,
KIF11,,,
KIF11,,,
KIF11,,,
RAD51C,,,
RAD51C,,,
RAD51C,,,
RAD51C,,,
RAD51C,,,
MSH6,,,
PDE4DIP,,,
FBXL17,,,
SUN2,,,
SUN2,,,
MAU2,,,
MAU2,,,
MAU2,,,
MAU2,,,
PRKCB,,,
NUMA1,,,
NUMA1,,,
NUMA1,,,
NUMA1,,,
NUMA1,,,
NUMA1,,,
NUMA1,,,
NUMA1,,,
NUMA1,,,
NUMA1,,,
NEK11,,,
NEK11,,,
NEK11,,,
FIGN,,,
NOLC1,,,
KPNB1,,,
KPNB1,,,
KPNB1,,,
KPNB1,,,
KPNB1,,,
BCL2,,,
WDR62,,,
WDR62,,,
WDR62,,,
OOEP,,,
CTDP1,,,
YTHDF2,,,
SEPTIN3,,,
FES,,,
SEH1L,,,
SEH1L,,,
NUP37,,,
NUP37,,,
NUP43,,,
NUP43,,,
MAPK3,,,
MUC1,,,
RBM7,,,
PPME1,,,
RPA2,,,
CHMP4C,,,
CHMP4C,,,
CHMP4C,,,
CHMP4C,,,
CHMP4C,,,
CHMP4C,,,
CHFR,,,
CHFR,,,
CHFR,,,
CHFR,,,
RPS6,,,
HSF2BP,,,
HSF2BP,,,
HSF2BP,,,
PHGDH,,,
CIAO2B,,,
RCBTB1,,,
SBDS,,,
CHMP4BP1,,,
CHMP4BP1,,,
NLRP5,,,
RAB6C,,,
SUGT1,,,
DCDC1,,,
TDRD9,,,
TDRD9,,,
TENT4B,,,
TDRKH,,,
NABP1,,,
NABP1,,,
NABP1,,,
STAG3,,,
STAG3,,,
STAG3,,,
STAG3,,,
BRME1,,,
BRME1,,,
POLDIP2,,,
KIFC2,,,
RBM38,,,
CTDNEP1,,,
MASTL,,,
MASTL,,,
MASTL,,,
MASTL,,,
CLIP1,,,
CAPN3,,,
AKAP8,,,
AKAP8,,,
AKAP8,,,
BLCAP,,,
CCDC61,,,
HAUS1,,,
HAUS1,,,
HAUS1,,,
HAUS1,,,
HAUS1,,,
RPA1,,,
SPDL1,,,
SPDL1,,,
SPDL1,,,
SPDL1,,,
SPDL1,,,
ZSCAN21,,,
CCDC124,,,
KNL1,,,
KNL1,,,
USH1C,,,
USP16,,,
USP16,,,
TUBGCP4,,,
TUBGCP4,,,
TUBGCP4,,,
DNMT3A,,,
NCOR1,,,
LATS1,,,
LATS1,,,
LATS1,,,
VPS4B,,,
VPS4B,,,
VPS4B,,,
PRKCA,,,
USP26,,,
FKBP6,,,
LPIN1,,,
GINS1,,,
CCNY,,,
SMC1A,,,
SMC1A,,,
SMC1A,,,
SMC1A,,,
SMC1A,,,
SMC1A,,,
SMC1A,,,
SMC1A,,,
MELK,,,
MDC1,,,
ESPL1,,,
ESPL1,,,
ESPL1,,,
ESPL1,,,
ESPL1,,,
ESPL1,,,
LSM14A,,,
EXOC4,,,
SSX2IP,,,
PYHIN1,,,
KLHL21,,,
ZNF503,,,
USP8,,,
TUBE1,,,
TUBE1,,,
ING1,,,
FBXL7,,,
FBXL7,,,
CDT1,,,
CDT1,,,
CDT1,,,
CDT1,,,
CDT1,,,
CDT1,,,
FBXL8,,,
RHOB,,,
PPP2CB,,,
CCNK,,,
STAMBP,,,
APPL2,,,
RAB11FIP3,,,
PCNT,,,
SIAH2,,,
RAD21L1,,,
RAD21L1,,,
CDK11A,,,
FAM83D,,,
BRD7,,,
MCM2,,,
ZFYVE26,,,
TUBB1,,,
TUBB1,,,
PLK3,,,
PLK3,,,
PLK3,,,
PLK3,,,
PLK3,,,
PLK3,,,
PLK3,,,
MAEL,,,
MAEL,,,
CTCF,,,
WBP2NL,,,
CLASP2,,,
CLASP2,,,
CLASP2,,,
CLASP2,,,
CCNB1IP1,,,
CCNB1IP1,,,
CCNB1IP1,,,
RAD17,,,
RAD17,,,
PARD6A,,,
PARD6A,,,
DCTN3,,,
DCTN3,,,
DCTN3,,,
ZFYVE19,,,
ZFYVE19,,,
FBXL15,,,
CHAMP1,,,
CHAMP1,,,
CHAMP1,,,
CHAMP1,,,
KIAA1614,,,
TPR,,,
CENPH,,,
CENPH,,,
AKAP8L,,,
AKAP8L,,,
TPX2,,,
TPX2,,,
TPX2,,,
NCAPH2,,,
NCAPH2,,,
NCAPH2,,,
NCAPH2,,,
DSN1,,,
MCM7,,,
VCPIP1,,,
CCP110,,,
CCP110,,,
CCP110,,,
CCP110,,,
CCP110,,,
CCP110,,,
CCP110,,,
CDC123,,,
TRIOBP,,,
TLK1,,,
TLK1,,,
RAD51D,,,
APPL1,,,
SGSM3,,,
UXT,,,
WDHD1,,,
FBXW11,,,
ECRG4,,,
SSNA1,,,
GOLGA8IP,,,
RUVBL1,,,
BCCIP,,,
BCCIP,,,
PIM2,,,
DAB2IP,,,
ANAPC2,,,
ANAPC7,,,
SENP5,,,
CCNG2,,,
MAP3K11,,,
TUBD1,,,
MAP4,,,
MAP4,,,
MAP4,,,
APEX2,,,
PCNA,,,
BCL2L11,,,
ANLN,,,
ANLN,,,
ANLN,,,
BRINP2,,,
PRDM9,,,
PRDM9,,,
PRDM9,,,
CYP26B1,,,
GPR132,,,
INCENP,,,
INCENP,,,
INCENP,,,
INCENP,,,
INCENP,,,
INCENP,,,
INCENP,,,
INCENP,,,
INCENP,,,
KMT5A,,,
BIRC6,,,
SRSF2,,,
SUV39H2,,,
INSM1,,,
PSMD13,,,
CCNO,,,
CCNO,,,
DDX4,,,
DDX4,,,
CALM2,,,
CALM2,,,
CALM2,,,
CALM1,,,
CALM1,,,
CALM1,,,
EME1,,,
EME1,,,
CDC14A,,,
PTPN6,,,
PTPN6,,,
CYLD,,,
XRCC2,,,
XRCC2,,,
XRCC2,,,
CDKN2C,,,
CDKN2B,,,
CDKN2A,,,
PKN2,,,
KIF13A,,,
CENPK,,,
ANAPC13,,,
BLM,,,
BLM,,,
SPRY2,,,
CENPF,,,
CENPF,,,
CENPF,,,
CENPF,,,
CENPF,,,
CENPF,,,
CENPF,,,
CENPA,,,
CENPA,,,
J3QRK9,,,
RFPL1,,,
KRT18,,,
CDC34,,,
CDC45,,,
OFD1,,,
OFD1,,,
OFD1,,,
ANAPC1,,,
DYRK3,,,
ENSA,,,
ENSA,,,
USP2,,,
MCM8,,,
CENPN,,,
TRIAP1,,,
HMGA2,,,
UBE2S,,,
UBE2S,,,
TXNIP,,,
BTBD18,,,
FZR1,,,
TUBB8,,,
TUBB8,,,
TUSC2,,,
NSL1,,,
INO80,,,
INO80,,,
PIWIL1,,,
PDS5B,,,
PDS5B,,,
MYBL1,,,
MYBL1,,,
MCTS1,,,
ID4,,,
ORC4,,,
SHOC1,,,
SHOC1,,,
SHOC1,,,
GAS2,,,
USP17L2,,,
ING2,,,
MAP10,,,
MAP10,,,
FAM107A,,,
MOS,,,
MOS,,,
EME2,,,
EME2,,,
RAD51AP1,,,
ABL1,,,
ZCWPW1,,,
ZCWPW1,,,
ZCWPW1,,,
NCAPD3,,,
NCAPD3,,,
NCAPD3,,,
NCAPD3,,,
GOLGA8A,,,
AURKB,,,
AURKB,,,
AURKB,,,
AURKB,,,
AURKB,,,
AURKB,,,
AURKB,,,
AURKB,,,
AURKB,,,
AURKB,,,
AURKB,,,
AURKB,,,
EFHC2,,,
EFHC2,,,
ENKD1,,,
RACGAP1,,,
RACGAP1,,,
RACGAP1,,,
RACGAP1,,,
RACGAP1,,,
RACGAP1,,,
RACGAP1,,,
RACGAP1,,,
KIF25,,,
KIF25,,,
E2F7,,,
CHMP3,,,
EXO1,,,
CEP164,,,
TLE6,,,
RASSF2,,,
EXOC7,,,
SPIN2B,,,
NCAPG,,,
NCAPG,,,
NCAPG,,,
KLHDC3,,,
PHF8,,,
ZNF830,,,
ZNF830,,,
ZNF830,,,
ZNF830,,,
IFFO1,,,
DLG1,,,
GOLGA8DP,,,
PML,,,
BRINP1,,,
NABP2,,,
NABP2,,,
NABP2,,,
EVI5,,,
PRICKLE1,,,
CDC25A,,,
CDC25A,,,
CDC25A,,,
CROCCP3,,,
HFM1,,,
IQGAP3,,,
TUBB4B,,,
UBA3,,,
TUBA4A,,,
TUBA1B,,,
A0A3B3ITX8,,,
CLSPN,,,
CLSPN,,,
CLSPN,,,
CLSPN,,,
TTC19,,,
ARL3,,,
ARL2,,,
SIAH1,,,
PIM3,,,
SDE2,,,
CRADD,,,
CRADD,,,
FBXL3,,,
FBXL21P,,,
CDKN3,,,
AJUBA,,,
MAPK6,,,
RASSF4,,,
TUBB,,,
TUBB,,,
TERF1,,,
SUV39H1,,,
TSPYL2,,,
OIP5,,,
OIP5,,,
CASP8AP2,,,
EPB41L2,,,
ZNF16,,,
TESMIN,,,
ZNRD2,,,
RAD21,,,
RAD21,,,
RAD21,,,
RAD21,,,
LMLN,,,
EHMT2,,,
RPL10L,,,
RGCC,,,
EXOC2,,,
RAD51,,,
RAD51,,,
RAD51,,,
RAD51,,,
MAP9,,,
MAP9,,,
MAP9,,,
E2F1,,,
E2F1,,,
E2F1,,,
TPD52L1,,,
SPTBN1,,,
BANF2,,,
SMARCAD1,,,
SEPTIN4,,,
PRR19,,,
MCMBP,,,
POLE,,,
POLE,,,
BOLL,,,
ANKRD53,,,
ANKRD53,,,
URS00003F2D94_9606,,,
escrt-iii_human,,,
escrt-iii_human,,,
escrt-iii_human,,,
escrt-iii_human,,,
inip-ints3-nabp1_human,,,
inip-ints3-nabp2_human,,,
md1l1_human-1,,,
ndc80_human-1,,,
e2f1-tfdp1_human,,,
plk4_cep152_human,,,
ccnc-cdk3_human,,,
CDC25B,,,
CDC25B,,,
CDC25B,,,
CDC25B,,,
CDC25B,,,
STARD9,,,
STARD9,,,
DEUP1,,,
CEP131,,,
CAMK1,,,
FAM110A,,,
CKAP5,,,
CKAP5,,,
CKAP5,,,
CKAP5,,,
CKAP5,,,
MYH10,,,
MYH10,,,
MYH9,,,
MYH9,,,
MYH9,,,
GAK,,,
CHMP3,,,
CHMP3,,,
CHMP3,,,
SPO16,,,
SPO16,,,
SPO16,,,
SPO16,,,
TTC28,,,
SLC25A31,,,
CHMP6,,,
CHMP6,,,
CHMP6,,,
CHMP6,,,
NASP,,,
BANF1,,,
BANF1,,,
BUB3,,,
BUB3,,,
BUB3,,,
BUB3,,,
BUB1,,,
BUB1,,,
INSC,,,
DLGAP5,,,
DLGAP5,,,
DLGAP5,,,
KMT2E,,,
H1-8,,,
MAP3K20,,,
EDN1,,,
NEDD9,,,
TAOK3,,,
CCNA2,,,
CCNA2,,,
CCNA2,,,
FBXO5,,,
TTYH1,,,
BOD1,,,
BOD1,,,
BOD1,,,
BOD1,,,
ANXA11,,,
ANXA11,,,
WDR6,,,
ARF6,,,
EFHC1,,,
EFHC1,,,
EFHC1,,,
EFHC1,,,
EFHC1,,,
FMN2,,,
FMN2,,,
FMN2,,,
NUP62,,,
NUP62,,,
NUP62,,,
ZBED3,,,
CCNDBP1,,,
KIF4A,,,
KIF4A,,,
KIF4A,,,
KIF4A,,,
CCPG1,,,
ZWINT,,,
ZWINT,,,
ZWINT,,,
ZWINT,,,
BECN1,,,
MLH1,,,
MLH1,,,
MLH1,,,
MLH1,,,
MLH1,,,
MLH1,,,
MLH1,,,
CDK5RAP3,,,
CDK5RAP3,,,
LIG3,,,
PRDM5,,,
ANAPC10,,,
ANKLE1,,,
CHMP4B,,,
CHMP4B,,,
CHMP4B,,,
CHMP4B,,,
CHMP4B,,,
CHMP4B,,,
HSPA2,,,
HSPA2,,,
EREG,,,
USP22,,,
GOLGA8J,,,
FOXJ3,,,
CHD3,,,
CHD3,,,
TUBA4B,,,
LIF,,,
NEK6,,,
NEK6,,,
NEK6,,,
NEK6,,,
NEK6,,,
CDC20,,,
CDC20,,,
CDC20,,,
TUBA1C,,,
SMARCB1,,,
FBXL22,,,
ARPP19,,,
ARPP19,,,
MUS81,,,
MUS81,,,
PRAP1,,,
ESCO1,,,
MCM3,,,
PSMG2,,,
CHMP1B,,,
CHMP1B,,,
CHMP1B,,,
CHMP1B,,,
SMC4,,,
SMC4,,,
SMC4,,,
SMC4,,,
SMC4,,,
TM4SF5,,,
BACH1,,,
BACH1,,,
CETN1,,,
CETN1,,,
KIF23,,,
KIF23,,,
KIF23,,,
KIF23,,,
KIF23,,,
CABLES2,,,
BANP,,,
NDC1,,,
CIT,,,
CIT,,,
CIT,,,
CIT,,,
TXNL4B,,,
CDCA2,,,
CDCA2,,,
CDK2AP1,,,
BABAM1,,,
BABAM1,,,
BABAM1,,,
BABAM1,,,
BABAM1,,,
MCM5,,,
MCM4,,,
NAA50,,,
NAA50,,,
NAA50,,,
TTK,,,
TTK,,,
TTK,,,
TTK,,,
TTK,,,
TTK,,,
TTK,,,
CCDC69,,,
E2F8,,,
PSMC3IP,,,
PSMC3IP,,,
PSMC3IP,,,
PSMC3IP,,,
PSMC3IP,,,
CEP120,,,
CEP120,,,
CEP120,,,
WRAP73,,,
WRAP73,,,
ANKFN1,,,
GNAI3,,,
PRKCE,,,
TUBAL3,,,
CCNJ,,,
KLHL13,,,
RAB11A,,,
RAB11A,,,
RAB11A,,,
EIF2AK4,,,
KLHL42,,,
KLHL9,,,
CEP126,,,
SMPD3,,,
SMPD3,,,
MDM2,,,
TUBA8,,,
PTP4A1,,,
CDC25C,,,
CDC25C,,,
CDC25C,,,
TEX19,,,
TEX19,,,
POC5,,,
EXOC3,,,
DTL,,,
DTL,,,
SLC25A5,,,
TERB1,,,
TERB1,,,
TERB1,,,
TERB1,,,
TERB1,,,
CUL5,,,
PPP2CA,,,
PPP2CA,,,
PBK,,,
USP9X,,,
USP9X,,,
CENPW,,,
CENPW,,,
CENPW,,,
CENPW,,,
CENPW,,,
LIN54,,,
AHR,,,
GOLGA8CP,,,
PLCB1,,,
ATF2,,,
APP,,,
EZR,,,
WEE1,,,
PPP1CB,,,
MARK4,,,
CCND3,,,
CCND3,,,
PPP1CA,,,
KNTC1,,,
KNTC1,,,
KNTC1,,,
CCND2,,,
CCND2,,,
CDC27,,,
CDC27,,,
REC8,,,
REC8,,,
REC8,,,
REC8,,,
REC8,,,
REC8,,,
CCNB2,,,
CCNB2,,,
CCNB2,,,
LIN9,,,
RPS6KB1,,,
IER3,,,
RNF212,,,
RNF212,,,
RNF212,,,
RNF212,,,
RCC1,,,
RCC1,,,
RCC1,,,
RCC1,,,
RCC1,,,
THAP5,,,
CHMP5,,,
CHMP5,,,
CHMP5,,,
CHMP5,,,
EIF4EBP1,,,
NAE1,,,
NUPR2,,,
CHMP1A,,,
CHMP1A,,,
CHMP1A,,,
CHMP1A,,,
CHMP1A,,,
GOLGA8R,,,
GOLGA8H,,,
RECQL5,,,
RECQL5,,,
CROCCP2,,,
CDC7,,,
CDC7,,,
MEIOB,,,
MEIOB,,,
MEIOB,,,
MEIOB,,,
MEIOB,,,
TDRD1,,,
TEX12,,,
TEX12,,,
CDKN2D,,,
RPS3,,,
RPS3,,,
GOLGA8N,,,
NSUN2,,,
BRCC3,,,
BRCC3,,,
BRCC3,,,
BRCC3,,,
TOP2B,,,
TOP2B,,,
CEP85,,,
ING4,,,
E2F2,,,
NPAT,,,
NPAT,,,
DYNC1H1,,,
DYNC1H1,,,
DYNC1H1,,,
DYNC1H1,,,
DCTN1,,,
DCTN1,,,
DCTN1,,,
DCTN1,,,
LRRCC1,,,
PBX1,,,
TIMELESS,,,
GAS1,,,
MEIKIN,,,
MEIKIN,,,
MEIKIN,,,
MEIKIN,,,
MEIKIN,,,
MEIKIN,,,
MEIKIN,,,
MEIKIN,,,
MEIKIN,,,
MEIKIN,,,
TRIM21,,,
GOLGA8K,,,
AMBRA1,,,
NSFL1C,,,
BIN3,,,
BIN3,,,
TUBB8B,,,
PPP2R1A,,,
PPP2R1A,,,
PPP2R1A,,,
PPP2R1A,,,
PPP2R1A,,,
PPP2R1A,,,
CDK7,,,
SGO2,,,
SGO2,,,
SGO2,,,
SGO2,,,
LLGL2,,,
HDAC8,,,
WRN,,,
PMF1,,,
PMF1,,,
PMF1,,,
TFDP2,,,
TFDP1,,,
TFDP1,,,
CDC73,,,
AAAS,,,
CATSPERZ,,,
FBXW7,,,
WASHC5,,,
WASHC5,,,
ARAP1,,,
SIK1,,,
PDCD2L,,,
NEK9,,,
MCIDAS,,,
EDNRA,,,
EDNRA,,,
CYP27B1,,,
PELO,,,
NDC80,,,
NDC80,,,
NDC80,,,
NDC80,,,
NDC80,,,
NDC80,,,
NDC80,,,
NDC80,,,
NDC80,,,
NDC80,,,
NDC80,,,
NDC80,,,
NDC80,,,
NDC80,,,
NDC80,,,
NDC80,,,
NDC80,,,
NDC80,,,
SAC3D1,,,
SAC3D1,,,
CHEK1,,,
CHEK1,,,
CHEK1,,,
NUDT15,,,
RIOK3,,,
NLE1,,,
WAPL,,,
CHTF8,,,
PARD6G,,,
CLTC,,,
CLTC,,,
TPPP,,,
CKS2,,,
CKS2,,,
GATA6,,,
FOXN3,,,
FBXL6,,,
GOLGA6C,,,
MEIOSIN,,,
KIF2B,,,
TET2,,,
TUBG1,,,
TUBG1,,,
TUBG1,,,
TUBG1,,,
TUBG1,,,
MAJIN,,,
MAJIN,,,
MAJIN,,,
MAJIN,,,
MAJIN,,,
MEI1,,,
SON,,,
REC114,,,
NIN,,,
IST1,,,
CDK4,,,
CDK4,,,
SLC16A1,,,
HAUS6,,,
HAUS6,,,
HAUS6,,,
CDK17,,,
CDK16,,,
CDK5,,,
DSCC1,,,
DSCC1,,,
DSCC1,,,
KHDRBS1,,,
KHDRBS1,,,
ANKRD31,,,
ANKRD31,,,
MCMDC2,,,
RCC2,,,
FBXO43,,,
CNTD1,,,
INTS3,,,
INTS3,,,
NPPC,,,
ZW10,,,
ZW10,,,
ZW10,,,
ZW10,,,
ZW10,,,
ZW10,,,
ZW10,,,
CFL1,,,
CFL1,,,
RTEL1,,,
CENPV,,,
ORC1,,,
HORMAD2,,,
HORMAD2,,,
PLK2,,,
PLK2,,,
PLK2,,,
PLK2,,,
PLK2,,,
PLK2,,,
HNRNPU,,,
GTSE1,,,
STRA8,,,
STRA8,,,
CNTRL,,,
HMG20B,,,
DCLRE1A,,,
EP300,,,
NUP214,,,
MYOG,,,
GSPT1,,,
DDIT3,,,
TAF10,,,
G3V2T6,,,
G3V2T6,,,
ANK3,,,
ANK3,,,
DNM2,,,
EPS8,,,
CEP63,,,
CEP63,,,
CEP63,,,
CEP63,,,
MIS18BP1,,,
CCNI,,,
CDK6,,,
PSMA8,,,
CDK3,,,
CDK3,,,
CDK3,,,
KLHDC8B,,,
KLHDC8B,,,
KLHDC8B,,,
KLHDC8B,,,
KLHDC8B,,,
KLHDC8B,,,
KLHDC8B,,,
KLHDC8B,,,
KLHDC8B,,,
KLHDC8B,,,
KLHDC8B,,,
WNT10B,,,
STAG2,,,
STAG2,,,
STAG2,,,
STAG2,,,
STAG2,,,
STAG2,,,
STAG2,,,
RBL1,,,
CCDC57,,,
CCDC57,,,
CCDC57,,,
PIWIL4,,,
PIWIL3,,,
GMNC,,,
FGF8,,,
VCP,,,
CLASP1,,,
CLASP1,,,
CLASP1,,,
CLASP1,,,
CLASP1,,,
CLASP1,,,
CLASP1,,,
CLASP1,,,
CLASP1,,,
CLASP1,,,
CCNJL,,,
GEM,,,
GEM,,,
TAF1,,,
MAEA,,,
HAUS8,,,
HAUS8,,,
HAUS8,,,
HAUS8,,,
HAUS8,,,
KIAA0753,,,
ENTR1,,,
CEP192,,,
CEP192,,,
CEP192,,,
CEP192,,,
MYC,,,
PRKCD,,,
RSPH1,,,
KAT2B,,,
AHCTF1,,,
MSH2,,,
TOP2A,,,
TOP2A,,,
TOP2A,,,
TOP2A,,,
TOP2A,,,
TOP2A,,,
TOP1,,,
RAD50,,,
RAD50,,,
RAD50,,,
NEUROG1,,,
ERCC4,,,
KCTD11,,,
ERCC2,,,
SEPTIN1,,,
UBE2C,,,
PIM1,,,
FLNA,,,
POGZ,,,
PIDD1,,,
GTF2B,,,
GTF2B,,,
CENPS,,,
CENPS,,,
KATNA1,,,
MARF1,,,
KDM8,,,
ABCB1,,,
VPS4A,,,
VPS4A,,,
VPS4A,,,
VPS4A,,,
VPS4A,,,
VPS4A,,,
VPS4A,,,
TICRR,,,
TICRR,,,
TICRR,,,
TICRR,,,
USP29,,,
MICAL3,,,
SPC25,,,
SPC25,,,
SPC25,,,
SPC25,,,
SPC25,,,
SPC25,,,
TRIM71,,,
BAP1,,,
HASPIN,,,
HASPIN,,,
HASPIN,,,
CENPJ,,,
CENPJ,,,
CENPJ,,,
CENPJ,,,
CENPJ,,,
PLD6,,,
SPDYA,,,
SPDYA,,,
SPDYA,,,
MAPK12,,,
ABRAXAS1,,,
ABRAXAS1,,,
ABRAXAS1,,,
ABRAXAS1,,,
ABRAXAS1,,,
ABRAXAS1,,,
TBCE,,,
ESRRB,,,
ESRRB,,,
CSNK1D,,,
CSNK1D,,,
CSNK1A1,,,
CDK1,,,
CDK1,,,
CDK1,,,
CDK1,,,
CDK1,,,
PIBF1,,,
PIBF1,,,
CDCA3,,,
PHB2,,,
RAD9A,,,
KIF2C,,,
KIF2C,,,
KIF2C,,,
CGREF1,,,
TMEM250,,,
GFI1,,,
JTB,,,
JTB,,,
JTB,,,
PRR5,,,
CIAO1,,,
VASH1,,,
CDK18,,,
TAOK1,,,
DUSP1,,,
M0QYC6,,,
SIX6OS1,,,
SIX6OS1,,,
SIX6OS1,,,
SIX6OS1,,,
SIX6OS1,,,
DYNLT3,,,
CLTCL1,,,
CLTCL1,,,
LIMK2,,,
BRSK1,,,
BRSK1,,,
BRSK1,,,
SPICE1,,,
SPICE1,,,
SPICE1,,,
SPICE1,,,
ANKLE2,,,
MAPK1,,,
PDIK1L,,,
CCAR2,,,
SYCE1,,,
CABLES1,,,
CNTROB,,,
CNTROB,,,
CNTROB,,,
CNTROB,,,
CNTROB,,,
CNTROB,,,
CNTROB,,,
PTPA,,,
GML,,,
CDC5L,,,
RNF2,,,
DDX12P,,,
DDIAS,,,
P3H4,,,
C2CD3,,,
C2CD3,,,
NPM1,,,
EIF4E,,,
PKHD1,,,
RNF8,,,
RALB,,,
RALA,,,
TAF1L,,,
CCNB1,,,
CCNB1,,,
CCNB1,,,
CCNB1,,,
CCNB1,,,
NES,,,
CCNC,,,
HTT,,,
CDKN1C,,,
DBF4B,,,
TUBGCP3,,,
TUBGCP3,,,
TUBGCP3,,,
PLK1,,,
PLK1,,,
PLK1,,,
PLK1,,,
PLK1,,,
PLK1,,,
PLK1,,,
PLK1,,,
PLK1,,,
PLK1,,,
PLK1,,,
PLK1,,,
PLK1,,,
PLK1,,,
PLK1,,,
PLK1,,,
PLK1,,,
PLK1,,,
PLK1,,,
VRK1,,,
CDCA8,,,
CDCA8,,,
CDCA8,,,
CDCA8,,,
CDCA8,,,
CDCA8,,,
SEPTIN5,,,
BARD1,,,
KIF20B,,,
NEK1,,,
APC,,,
APC,,,
TRIM75,,,
ID2,,,
RBBP4,,,
CTNNB1,,,
CDC6,,,
CDC6,,,
SPAG8,,,
BRCA1,,,
BRCA1,,,
BRCA1,,,
BRCA1,,,
BRCA1,,,
BRCA1,,,
PAFAH1B1,,,
PAFAH1B1,,,
MITD1,,,
MITD1,,,
MITD1,,,
MITD1,,,
EPB41,,,
RPS27L,,,
CCNB3,,,
CCNB3,,,
SPIRE2,,,
SPIRE2,,,
SPIRE2,,,
SPIRE2,,,
SPIRE2,,,
SPIRE2,,,
CKAP2,,,
MAPRE1,,,
MAPRE1,,,
MAPRE1,,,
ASZ1,,,
TBRG1,,,
MZT1,,,
MED1,,,
TRIP13,,,
TRIP13,,,
TRIP13,,,
TRIP13,,,
TRIP13,,,
TRIP13,,,
TRIP13,,,
GOLGA8F,,,
SPIRE1,,,
SPIRE1,,,
SPIRE1,,,
SPIRE1,,,
SPIRE1,,,
SPIRE1,,,
RB1,,,
RB1,,,
RB1,,,
KLHL22,,,
KLHL22,,,
CENPQ,,,
USP39,,,
SETMAR,,,
SETMAR,,,
SYCP2,,,
SYCP2,,,
SYCP2,,,
SYCP2,,,
TOP6BL,,,
TOP6BL,,,
TOP6BL,,,
TOP6BL,,,
TOGARAM2,,,
YEATS4,,,
BRIP1,,,
BRIP1,,,
BRIP1,,,
ANAPC15,,,
FOXJ2,,,
KASH5,,,
KASH5,,,
KASH5,,,
KASH5,,,
KASH5,,,
SKA3,,,
SKA3,,,
SKA3,,,
SKA3,,,
MEN1,,,
UBR2,,,
UBR2,,,
UBR2,,,
EZH2,,,
EZH2,,,
PHF13,,,
PHF13,,,
PHF13,,,
PHF13,,,
CEP250,,,
CEP250,,,
CEP250,,,
CEP250,,,
CEP250,,,
CEP250,,,
FBXL12,,,
RNF112,,,
STOX1,,,